{"initial_reset_timestamp": 1546897687.1901824, "timestamps": [1546897690.958442], "episode_lengths": [200], "episode_rewards": [200.0], "episode_types": ["t"]}